{"box":{"property":{"position":[0,0,-0,0,0,-0,0,0,-0,0,0,-0,0,0,-0,0,0,-0,0,0,-0,0,0,-0,0,0,-0,0,0,-0,0,0,-0,0,0,-0,0,0,-0,0,0,-0,0,0,-0,0,0,-0,0,0,-0,0,0,-0,0,0,-0,0,0,-0,0,0,-0,0,0,-0,0,0,-0,0,0,-0,0,0,-0,0,0,-0,0,0,-0,0,0,-0,0,0,-0,0,0,-0,0,0,-0,0,0,-0,0,0,-0,0,0,-0,0,0,-0,0,0,-0,0,0,-0,0,0,-0,0,0,-0,0,0,-0,0,0,-0,0,0,-0,0,0,-0,0,0,-0,0,0,-0,0,0,-0,0,0,-0,0,0,-0,0,0,-0,0,0,-0,0,0,-0,0,0,-0,0,0,-0,0,0,-0,0,0,-0,0,0,-0,0,0,-0,0,0,-0,0,0,-0,0,0,-0,0,0,-0,0,0,-0,0,0,-0,0,0,-0,0,0,-0,0,0,-0,0,0,-0,0,0,-0,0,0,-0,0,0,-0,0,0,-0,0,0,-0,0,0,-0,0,0,-0,2.524243,0,-0,9.621774,0,-0,20.289657,0,-0,33.211804,0,-0,46.920973,0,-0,60.004961,0,-0,71.275173,0,-0,79.856824,0,-0,85.19362,0,-0,87,0,-0,87,1.65142,-0,87,6.061742,-0,87,12.501583,-0,87,20.319556,-0,87,28.903215,-0,87,37.64497,-0,87,45.907273,-0,87,52.981219,-0,87,58.029668,-0,87,60,-0,87,60,3.965088,87,60,15.067137,87,60,32.116656,87,60,53.924153,67.63023,60,79.300138,48.26041,60,107.055121,28.890812,60,136.000389,9.521042,60,164.944879,9.521042,48.119884,192.699862,9.521042,36.239798,218.075847,9.521042,24.359668,239.883344,9.521042,12.479582,256.932863,9.521042,0.599466,268.034912,9.521042,0.599466,272,9.521042,0.599466,272,9.521042,0.599466,272,9.521042,0.599466,272,9.521042,0.599466,272,9.521042,0.599466,272,9.521042,0.599466,272,9.521042,0.599466,272,9.521042,0.599466,272,9.521042,0.599466,272,9.521042,0.599466,272,9.521042,0.599466,272,9.521042,0.599466,272],"quaternion":[-0,-0,0,1,-0,-0,0,1,-0,0,-0.064412,0.997923,-0,0,-0.269838,0.962906,-0,0,-0.560156,0.828387,0,0,-0.798644,0.601804,0,0,-0.92811,0.372307,0,0,-0.980702,0.195506,0,0,-0.996769,0.080327,0,0,-0.999827,0.018585,0,0,-1,0,-0.072947,0,-0.997336,0,-0.28059,0,-0.959828,0,-0.495827,0,-0.868421,0,-0.628107,0,-0.778127,0,-0.690129,0,-0.723687,0,0.707107,-0,0.707107,-0,-0.706714,0.023552,-0.706714,-0.023552,-0.702006,0.084782,-0.702006,-0.084782,-0.686404,0.169852,-0.686404,-0.169852,-0.655706,0.264669,-0.655706,-0.264669,-0.611242,0.355504,-0.611242,-0.355504,-0.560884,0.430592,-0.560884,-0.430592,-0.518156,0.48116,-0.518156,-0.48116,-0.5,0.5,-0.5,-0.5,-0.5,0.5,-0.5,-0.5,-0.5,0.5,-0.5,-0.5,-0.5,0.5,-0.5,-0.5,-0.5,0.5,-0.5,-0.5,-0.5,0.5,-0.5,-0.5,-0.5,0.5,-0.5,-0.5,-0.5,0.5,-0.5,-0.5,0.502733,-0.497267,0.500533,0.499452,0.509748,-0.490246,0.501539,0.498271,0.51984,-0.480143,0.502451,0.496761,0.532232,-0.467737,0.502928,0.49499,0.546374,-0.453578,0.502742,0.492943,0.56185,-0.438087,0.501736,0.490576,0.57833,-0.421599,0.499795,0.487846,0.595536,-0.40439,0.496839,0.484723,0.613232,-0.3867,0.492815,0.481189,0.631208,-0.368737,0.487692,0.477248,0.649277,-0.350687,0.481455,0.472927,0.667266,-0.332717,0.474109,0.468269,0.685019,-0.314979,0.46567,0.463346,0.702387,-0.297611,0.456167,0.45825,0.719231,-0.280742,0.445639,0.453098,0.735416,-0.264488,0.434135,0.448037,0.75081,-0.248958,0.421711,0.443243,0.765282,-0.234253,0.408427,0.438927,0.778693,-0.220467,0.394347,0.435342,0.79089,-0.207691,0.379535,0.432794,0.801696,-0.196017,0.364053,0.431656,0.811409,-0.18512,0.348176,0.431415,0.820465,-0.174616,0.332202,0.431263,0.828866,-0.164501,0.316212,0.431197,0.836616,-0.154777,0.300291,0.431211,0.843726,-0.145444,0.284523,0.431299,0.85021,-0.136504,0.268989,0.431457,0.856083,-0.127965,0.253775,0.431677,0.861368,-0.119832,0.23896,0.431953,0.866087,-0.112117,0.224631,0.432277,0.870267,-0.104832,0.210872,0.432642,0.873935,-0.097995,0.197767,0.43304,0.877121,-0.091625,0.185406,0.433461,0.879856,-0.085748,0.173879,0.433897,0.882172,-0.080391,0.16328,0.434337,0.884101,-0.075588,0.153707,0.434771,0.885673,-0.071377,0.145263,0.435186,0.886917,-0.067801,0.138059,0.435569,0.887859,-0.064911,0.132212,0.435904,0.88852,-0.062763,0.127853,0.436173,0.888914,-0.06142,0.125121,0.436354,0.889046,-0.060955,0.124173,0.436421,0.889046,-0.060955,0.124173,0.436421,0.889046,-0.060955,0.124173,0.436421,0.889046,-0.060955,0.124173,0.436421,0.889046,-0.060955,0.124173,0.436421,0.889046,-0.060955,0.124173,0.436421,0.889046,-0.060955,0.124173,0.436421,0.889046,-0.060955,0.124173,0.436421,0.889046,-0.060955,0.124173,0.436421,0.889046,-0.060955,0.124173,0.436421,0.889046,-0.060955,0.124173,0.436421,0.889046,-0.060955,0.124173,0.436421,0.889046,-0.060955,0.124173,0.436421,0.889046,-0.060955,0.124173,0.436421,0.889046,-0.060955,0.124173,0.436421,0.889046,-0.060955,0.124173,0.436421,0.889046,-0.060955,0.124173,0.436421,0.889046,-0.060955,0.124173,0.436421,0.889046,-0.060955,0.124173,0.436421,0.889046,-0.060955,0.124173,0.436421,0.889046,-0.060955,0.124173,0.436421,0.889046,-0.060955,0.124173,0.436421,0.889046,-0.060955,0.124173,0.436421,0.889046,-0.060955,0.124173,0.436421,0.889046,-0.060955,0.124173,0.436421,0.889046,-0.060955,0.124173,0.436421,0.889046,-0.060955,0.124173,0.436421,0.889046,-0.060955,0.124173,0.436421,0.889046,-0.060955,0.124173,0.436421,0.889046,-0.060955,0.124173,0.436421,0.889046,-0.060955,0.124173,0.436421,0.889046,-0.060955,0.124173,0.436421,0.889046,-0.060955,0.124173,0.436421,0.889046,-0.060955,0.124173,0.436421,0.889046,-0.060955,0.124173,0.436421,0.889046,-0.060955,0.124173,0.436421,0.889046,-0.060955,0.124173,0.436421,0.880495,-0.059824,0.121868,0.428321,0.856855,-0.056667,0.115439,0.405724,0.820777,-0.051764,0.105449,0.370613,0.774713,-0.045328,0.092339,0.324536,0.721249,-0.037568,0.076531,0.268976,0.663492,-0.02875,0.058568,0.205844,0.60558,-0.019329,0.039376,0.138393,0.553355,-0.010185,0.020748,0.072922,0.514909,-0.002947,0.006003,0.021099,0.5,-0,0,0],"scale":[1,1,1,1,1,1,1,1,1,1,1,1,1,1,1,1,1,1,1,1,1,1,1,1,1,1,1,1,1,1,1,1,1,1,1,1,1,1,1,1,1,1,1,1,1,1,1,1,1,1,1,1,1,1,1,1,1,1,1,1,1,1,1,1,1,1,1,1,1,1,1,1,1,1,1,1,1,1,1,1,1,1,1,1,1,1,1,1,1,1,1,1,1,1,1,1,1,1,1,1,1,1,1,1,1,1,1,1,1,1,1,1,1,1,1,1,1,1,1,1,1,1,1,1,1,1,1,1,1,1,1,1,1,1,1,1,1,1,1,1,1,1,1,1,1,1,1,1,1,1,1,1,1,1,1,1,1,1,1,1,1,1,1,1,1,1,1,1,1,1,1,1,1,1,1,1,1,1,1,1,1,1,1,1,1,1,1,1,1,1,1,1,1,1,1,1,1,1,1,1,1,1,1,1,1,1,1,1,1,1,1,1,1,1,1,1,1,1,1,1,1,1,1,1,1,1,1,1,1,1,1,1,1,1,1,1,1,1,1,1,1,1,1,1,1,1,1,1,1,1,1,1,1,1,1,1,1,1,1,1,1,1,1,1,1,1,1,1,1,1,1,1,1,1,1,1,1,1,1,1,1,1,1,1,1,1,1,1,1,1,1,1,1,1,1,1,1,1,1,1,1,1,1,1,1,1,1,1,1,1,1,1,1,1,1,1,1,1,1,1,1,1,1,1,1,1,1,1,1,1,0.972,0.972,0.972,0.896,0.896,0.896,0.784,0.784,0.784,0.647999,0.647999,0.647999,0.499999,0.499999,0.499999,0.352001,0.352001,0.352001,0.216,0.216,0.216,0.104,0.104,0.104,0.028,0.028,0.028,0,0,0]},"out_frame":119,"in_frame":0},