{
    "faces": [40,5,2,4,0,0,0,0,1,2,40,9,5,10,0,0,0,3,0,4,40,10,0,9,0,0,0,4,5,3,40,5,1,2,0,0,0,0,6,1,40,2,3,4,0,0,0,1,7,2,40,1,5,9,0,0,0,6,0,3,40,7,21,8,0,0,0,8,9,10,40,21,7,18,0,0,0,9,8,11,40,7,8,6,0,0,0,8,10,12,40,16,15,13,0,0,0,13,14,15,40,22,23,16,0,0,0,16,17,13,40,23,22,11,0,0,0,17,16,18,40,16,13,12,0,0,0,13,15,19,40,13,15,14,0,0,0,15,14,20,40,12,22,16,0,0,0,19,16,13,40,19,20,21,0,0,0,21,22,9,40,21,18,19,0,0,0,9,11,21,40,19,17,20,0,0,0,21,23,22],
    "normals": [0.262642,-0.039705,0.964049,-0.128727,0.001099,0.991668,-0.071291,0.054903,0.995941,0.565661,-0.076083,0.8211,0.62038,-0.091678,0.778893,0.762505,-0.063143,0.643849,0.196142,-0.061892,0.978607,-0.379894,0.036348,0.924284,0.437391,-0.264779,0.859371,0,-0.232704,0.972533,0.474929,-0.299417,0.827509,0,-0.156377,0.987671,0.563158,-0.281564,0.776879,-0.262642,-0.039705,0.964049,0.071291,0.054903,0.995941,0.128727,0.001099,0.991668,-0.565661,-0.076083,0.8211,-0.62038,-0.091678,0.778893,-0.762505,-0.063143,0.643849,-0.196142,-0.061892,0.978607,0.379894,0.036348,0.924284,-0.437391,-0.264779,0.859371,-0.474929,-0.299417,0.827509,-0.563158,-0.281564,0.776879],
    "vertices": [0.309714,0.116233,-0.22245,0.229274,0.156432,-0.1574,0.183143,0.147974,-0.159898,0.142249,0.113507,-0.175351,0.185716,0.092715,-0.156667,0.2297,0.086897,-0.161883,0.15415,-0.345961,-0.118449,0.066498,-0.330196,-0.049199,0.066305,-0.381269,-0.067569,0.277173,0.145921,-0.180998,0.279699,0.095986,-0.18889,-0.309714,0.116233,-0.22245,-0.229274,0.156432,-0.1574,-0.183143,0.147974,-0.159898,-0.142249,0.113507,-0.175351,-0.185716,0.092715,-0.156667,-0.2297,0.086897,-0.161883,-0.15415,-0.345961,-0.118449,0,-0.329258,-0.030311,-0.066498,-0.330196,-0.049199,-0.066305,-0.381269,-0.067569,0,-0.382922,-0.038809,-0.277173,0.145921,-0.180998,-0.279699,0.095986,-0.18889],
    "uvs": [[0,0]],
    "name": "untitled_untitled.000Geometry",
    "metadata": {
        "type": "Geometry",
        "faces": 18,
        "version": 3,
        "generator": "io_three",
        "normals": 24,
        "vertices": 24,
        "uvs": 1
    }
}