{
    "name": "untitled_untitled.000Geometry.1",
    "faces": [40,5,2,4,0,0,0,0,1,2,40,9,5,10,0,0,0,3,0,4,40,10,0,9,0,0,0,4,5,3,40,5,1,2,0,0,0,0,6,1,40,2,3,4,0,0,0,1,7,2,40,1,5,9,0,0,0,6,0,3,40,7,21,8,0,0,0,8,9,10,40,21,7,18,0,0,0,9,8,11,40,7,8,6,0,0,0,8,10,12,40,16,15,13,0,0,0,13,14,15,40,22,23,16,0,0,0,16,17,13,40,23,22,11,0,0,0,17,16,18,40,16,13,12,0,0,0,13,15,19,40,13,15,14,0,0,0,15,14,20,40,12,22,16,0,0,0,19,16,13,40,19,20,21,0,0,0,21,22,9,40,21,18,19,0,0,0,9,11,21,40,19,17,20,0,0,0,21,23,22],
    "normals": [0.260201,-0.008301,0.965514,-0.045076,0.015381,0.99884,0.001801,0.071993,0.997375,0.546098,0.02646,0.837275,0.612781,0.077883,0.78637,0.733879,0.146886,0.663167,0.231819,-0.054018,0.971221,-0.155339,0.050295,0.986572,0.420545,-0.228919,0.877895,0,-0.285073,0.958495,0.52147,-0.192907,0.831141,0,-0.266701,0.963775,0.6639,-0.110355,0.739586,-0.260201,-0.008301,0.965514,-0.001801,0.071993,0.997375,0.045076,0.015381,0.99884,-0.546098,0.02646,0.837275,-0.612781,0.077883,0.78637,-0.733879,0.146886,0.663167,-0.231819,-0.054018,0.971221,0.155339,0.050295,0.986572,-0.420545,-0.228919,0.877895,-0.52147,-0.192907,0.831141,-0.6639,-0.110355,0.739586],
    "metadata": {
        "type": "Geometry",
        "normals": 24,
        "version": 3,
        "faces": 18,
        "generator": "io_three",
        "vertices": 24,
        "uvs": 1
    },
    "vertices": [0.313865,0.12163,-0.22245,0.229274,0.156432,-0.1574,0.180576,0.140347,-0.159898,0.119082,0.104912,-0.167775,0.186547,0.095435,-0.156667,0.233078,0.092186,-0.161883,0.165999,-0.347759,-0.116507,0.0726,-0.32102,-0.028674,0.092007,-0.38429,-0.055536,0.271502,0.146139,-0.180998,0.286843,0.105124,-0.18889,-0.313865,0.12163,-0.22245,-0.229274,0.156432,-0.1574,-0.180576,0.140347,-0.159898,-0.119082,0.104912,-0.167775,-0.186547,0.095435,-0.156667,-0.233078,0.092186,-0.161883,-0.165999,-0.347759,-0.116507,0,-0.325738,-0.008766,-0.0726,-0.32102,-0.028674,-0.092007,-0.38429,-0.055536,0,-0.391953,-0.027089,-0.271502,0.146139,-0.180998,-0.286843,0.105124,-0.18889],
    "uvs": [[0,0]]
}