{
    "uvs": [[0,1]],
    "name": "eyemouthGeometry",
    "faces": [40,0,1,2,0,0,0,0,1,2,40,0,3,4,0,0,0,0,3,4,40,5,4,6,0,0,0,5,4,6,40,1,7,8,0,0,0,1,7,8,40,9,10,6,0,0,0,9,10,6,40,11,12,13,0,0,0,11,12,13,40,14,15,16,0,0,0,14,15,16,40,17,12,18,0,0,0,17,12,18,40,19,15,14,0,0,0,19,15,14,40,20,19,21,0,0,0,20,19,21,40,11,13,21,0,0,0,11,13,21,40,18,12,11,0,0,0,18,12,11,40,2,1,8,0,0,0,2,1,8,40,3,0,2,0,0,0,3,0,2,40,5,0,4,0,0,0,5,0,4,40,10,5,6,0,0,0,10,5,6,40,21,19,14,0,0,0,21,19,14,40,21,13,20,0,0,0,21,13,20],
    "vertices": [0.2297,0.086897,-0.161883,0.279699,0.095986,-0.18889,0.277173,0.145921,-0.180998,0.232182,0.156804,-0.1574,0.183143,0.147974,-0.159898,0.185716,0.092715,-0.156667,0.151382,0.127287,-0.162529,0.309714,0.116233,-0.22245,0.305157,0.125845,-0.201761,0.142249,0.113507,-0.175351,0.15112,0.106789,-0.165163,-0.185716,0.092715,-0.156667,-0.151382,0.127287,-0.162529,-0.183143,0.147974,-0.159898,-0.279699,0.095986,-0.18889,-0.305157,0.125845,-0.201761,-0.309714,0.116233,-0.22245,-0.142249,0.113507,-0.175351,-0.15112,0.106789,-0.165163,-0.277173,0.145921,-0.180998,-0.232182,0.156804,-0.1574,-0.2297,0.086897,-0.161883],
    "metadata": {
        "type": "Geometry",
        "uvs": 1,
        "faces": 18,
        "vertices": 22,
        "normals": 22,
        "generator": "io_three",
        "version": 3
    },
    "normals": [0.261391,-0.043886,0.964202,0.568438,-0.176824,0.803491,0.491897,-0.09476,0.865444,0.212317,-0.07004,0.97467,-0.032289,0.009156,0.99942,0.006287,0.035463,0.999329,-0.348064,-0.028626,0.93701,0.775628,-0.489608,0.398297,0.707297,-0.334635,0.622669,-0.774926,-0.070772,0.62804,-0.495315,-0.104465,0.862392,-0.006287,0.035463,0.999329,0.348064,-0.028626,0.93701,0.032289,0.009156,0.99942,-0.568438,-0.176824,0.803491,-0.707297,-0.334635,0.622669,-0.775628,-0.489608,0.398297,0.774926,-0.070772,0.62804,0.495315,-0.104465,0.862392,-0.491897,-0.09476,0.865444,-0.212317,-0.07004,0.97467,-0.261391,-0.043886,0.964202]
}