{
    "faces": [32,4,9,10,0,1,2,32,4,3,5,0,3,4,32,6,5,7,5,4,6,32,9,0,2,1,7,8,32,1,8,7,9,10,6,32,16,17,12,11,12,13,32,13,12,14,14,13,15,32,35,15,14,16,17,15,32,16,11,17,11,18,12,32,16,12,13,11,13,14,32,15,13,14,17,14,15,32,34,35,14,19,16,15,32,10,9,2,2,1,8,32,3,4,10,3,0,2,32,6,4,5,5,0,4,32,8,6,7,10,5,6,32,22,28,27,20,21,22,32,22,23,21,20,23,24,32,24,25,23,25,26,23,32,27,20,18,22,27,28,32,19,25,26,29,26,30,32,36,30,37,31,32,33,32,31,32,30,34,35,32,32,35,32,33,16,35,36,32,36,37,29,31,33,37,32,36,31,30,31,34,32,32,33,32,31,36,35,34,32,34,32,35,19,35,16,32,28,20,27,21,27,22,32,21,28,22,24,21,20,32,24,23,22,25,23,20,32,26,25,24,30,26,25],
    "normals": [0.261391,-0.043855,0.964202,0.568407,-0.176794,0.803491,0.491897,-0.09476,0.865444,0.212317,-0.07004,0.97467,-0.032289,0.009156,0.99942,0.006287,0.035493,0.999329,-0.348064,-0.028626,0.93701,0.775628,-0.489608,0.398297,0.707297,-0.334605,0.622669,-0.774895,-0.070742,0.628071,-0.495315,-0.104434,0.862392,0.683157,-0.365246,0.632344,0.64629,-0.393872,0.653554,0.604205,-0.354991,0.71334,0.597064,-0.325327,0.733238,0.450728,-0.271096,0.85049,0,-0.232704,0.972533,0.496841,-0.295358,0.816004,0.74102,-0.338145,0.580096,0,-0.156407,0.987671,-0.261391,-0.043855,0.964202,-0.491897,-0.09476,0.865444,-0.568407,-0.176794,0.803491,0.032289,0.009156,0.99942,-0.212317,-0.07004,0.97467,-0.006287,0.035493,0.999329,0.348064,-0.028626,0.93701,-0.707297,-0.334605,0.622669,-0.775628,-0.489608,0.398297,0.774895,-0.070742,0.628071,0.495315,-0.104434,0.862392,-0.683157,-0.365246,0.632344,-0.604205,-0.354991,0.71334,-0.64629,-0.393872,0.653554,-0.597064,-0.325327,0.733238,-0.450728,-0.271096,0.85049,-0.496841,-0.295358,0.816004,-0.74102,-0.338145,0.580096],
    "vertices": [0.309714,0.116233,-0.22245,0.142249,0.113507,-0.175351,0.305157,0.125845,-0.201761,0.232182,0.156804,-0.1574,0.2297,0.086897,-0.161883,0.183143,0.147974,-0.159898,0.185716,0.092715,-0.156667,0.151382,0.127287,-0.162529,0.15112,0.106789,-0.165163,0.279699,0.095986,-0.18889,0.277173,0.145921,-0.180998,0.148223,-0.345814,-0.124744,0.121892,-0.336462,-0.092747,0.106631,-0.366109,-0.094343,0.066498,-0.330196,-0.049199,0.066305,-0.381269,-0.067569,0.141856,-0.352417,-0.12046,0.14114,-0.341957,-0.113448,-0.309714,0.116233,-0.22245,-0.142249,0.113507,-0.175351,-0.305157,0.125845,-0.201761,-0.232182,0.156804,-0.1574,-0.2297,0.086897,-0.161883,-0.183143,0.147974,-0.159898,-0.185716,0.092715,-0.156667,-0.151382,0.127287,-0.162529,-0.15112,0.106789,-0.165163,-0.279699,0.095986,-0.18889,-0.277173,0.145921,-0.180998,-0.148223,-0.345814,-0.124744,-0.121892,-0.336462,-0.092747,-0.106631,-0.366109,-0.094343,-0.066498,-0.330196,-0.049199,-0.066305,-0.381269,-0.067569,0,-0.329258,-0.030311,0,-0.382922,-0.038809,-0.141856,-0.352417,-0.12046,-0.14114,-0.341957,-0.113448],
    "uvs": [],
    "name": "PlaneGeometry",
    "metadata": {
        "type": "Geometry",
        "faces": 32,
        "version": 3,
        "generator": "io_three",
        "normals": 38,
        "vertices": 38,
        "uvs": 0
    }
}