{"eyemouth_weight":[0.113223,0.025978,0,0.06911,0.046916,0.151197,0.058463,0,0,0.057276,0.046675,0.436342,0.42223,0.459787,0.566746,0.641623,0.663662,0.402921,0.414091,0.513017,0.477065,0.370073],"face_weight":[0.600338,0.854971,1,0.848964,0.167345,0.316686,0.231488,0.191703,0.116921,0.213714,0.535665,0.409008,0.349659,0.340191,0.244055,0.273227,0.326718,0.243972,0.25223,0.269269,0.267173,0.274029,0.267512,0.515883,0.416763,0.666013,0.751332,0.806994,0.739113,0.596834,0.708875,0.661151,0.522488,0.480082,0.860118,0.815193,0.757015,0.916107,0.832703,0.705673,0.578169,0.592134,0.653379,0.589564,0.24558,0,0.164797,0.310472,0.411015,0.568451,0.39206,0.630839,0.478134,0.412936,0.640909,0.688243,0.599622,0.551123,0.501074,0.555368,0.547041,0.369442,0.323001,0.263052,0.22865,0.214542,0.44966,0.353284,0.398083,0.336176,0.399587,0.409794,0.332259,0.388863,0.252928,0.392513,0.813724,0.954086,0.949953,0.916048,0.943947,0.919213,0.569431,0.665498,0.679578,0.567674,0.580412,0.661712,0.730342,0.784052,0.759194,0.665643,0.892224,0.91805,0.91781,0.966464,0.986944,0.517688,0.094931,0.116267,0.101227,0.105358,0.21732,0.195971,0.063151,0.10508,0.221561,0.262416,0.231058,0.31074,0,0,0,0,0.643734,0.058463,0.067334,0.151197,0.046675,0.113223,0,0.025978,0.057276,0.235143,0.138074,0.046916,0.06911,0.406902,0.286646,0.172435,0.281391,0.107108,0.098249,0.33326,0.385707,0.306075,0.37938,0.449093,0.595587,0.207528,0.156748,0.588828,0.361096,0.409716,0.751906,0.89555,0.716617,0.497676,0.654197,0.630782,0.929966,0.982913,0.834703,1,1,0.828375,1,0.500032,0.506157,0.501996,0.655725,0.780978,0.833564,0.869695,0.641686,0.73544,0.826469,0.89275,0,0.368478,0.293962,0.388731,0.417552,0.056502,0.03545,0,0.3877,0.394346,0.22333,0.2251,0,0,0.233573,0,0.610937,0.852403,0.344111,0.209996,0.220803,0.120115,0.369677,0.142711,0.128858,0.261641,0.198403,0.261342,0.279225,0.157712,0.37607,0.461091,0.187154,0.360895,0.555006,0.454104,0.518318,0.313546,0.1037,0.26479,0.474652,0.128538,0.589334,0.586734,0.143623,0.708217,0.766599,0.585928,0,0,0,0,0,0.306326,0.103674,0,0,0,0.372423,0.422249,0,0,0,0,0,0,0,0.288896,0.216661,0.205866,0.335851,0.356916,0.137857,0.072075,0.087979,0.380453,0.765257,0.821054,0.656727,0.728377,0.652019,0.632874,0.858762,0.842149,0.833867,0.93489,0.933317,0.910888,0.812746,0.82079,0.743317,0.929163,0.675558,0.77134,0.888996,0.668482,0.542434,0.480988,0.403542,0.280776,0.369489,0.326165,0.412203,0.383669,0.442391,0.320844,0.480566,0.612179,0.701707,0.781459,0.854164,0.733493,0.749836,0.705996,0.822931,0.42223,0.377843,0.414091,0.436342,0.370073,0.663662,0.566746,0.402921,0.53246,0.477065,0.459787,0.459587,0.654094,0.565706,0.464464,0.491918,0.351512,0.307256,0.686528,0.930783,0.832159,0.80131,0.592708,0.762307,0.39386,0.37271,0.830438,0.507103,0.403238,0.469152,0.443104,0.553601,0.490422,0.524861,0.432123,0.478782,0.895464,0.834979,0.593595,0.588344,0.610372,0.604723,0.617929,0.787839,0.719486,0.665448,0.639141,0.641623,0.090057,0.144672,0,0.539036,0.65451,0.587559,0.513017,0,0,0,0],"scale":[30,30,10],"random_y_min":-1000,"random_x_min":-1000,"position":[0,0,1000],"random_y_max":1000,"random_x_max":1000,"random_z_max":-16000,"random_z_min":-1600}