{"normals":[0,0,-0,-0.592499,0.198724,0.780675,0,0,-0,-0.518943,-0.144645,0.842482,-0.592499,0.198724,0.780675,-0.216912,-0.682476,0.697979,-0.532218,-0.228943,0.815064,-0.196576,-0.703577,0.682889,-0.547967,0.15071,0.822811,-0.702432,-0.312765,0.639349,0,0,-0,-0.382376,0.195037,0.903188,-0.340148,0.186348,0.921723,-0.289516,-0.851058,0.438043,-0.714866,-0.21531,0.665288,-0.265692,0.315514,0.910966,-0.351011,-0.630456,0.692327,0,0,-0,0,0,-0,-0.216912,-0.682476,0.697979,0,0,-0,-0.350017,-0.602163,0.717557],"faces":[32,2,0,1,2,0,1,32,4,0,3,4,0,3,32,6,5,4,6,5,4,32,8,1,7,8,1,7,32,6,9,10,6,9,10,32,13,11,12,13,11,12,32,16,14,15,16,14,15,32,18,17,12,18,17,12,32,14,19,15,14,19,15,32,21,20,19,21,20,19,32,21,11,13,21,11,13,32,11,18,12,11,18,12,32,8,2,1,8,2,1,32,2,3,0,2,3,0,32,4,5,0,4,5,0,32,6,10,5,6,10,5,32,14,21,19,14,21,19,32,20,21,13,20,21,13],"vertices":[0.2297,0.086897,-0.161883,0.279699,0.095986,-0.18889,0.277173,0.145921,-0.180998,0.232182,0.156804,-0.1574,0.183143,0.147974,-0.159898,0.185716,0.092715,-0.156667,0.151382,0.127287,-0.162529,0.309714,0.116233,-0.22245,0.305157,0.125845,-0.201761,0.142249,0.113507,-0.175351,0.15112,0.106789,-0.165163,-0.185716,0.092715,-0.156667,-0.151382,0.127287,-0.162529,-0.183143,0.147974,-0.159898,-0.279699,0.095986,-0.18889,-0.305157,0.125845,-0.201761,-0.309714,0.116233,-0.22245,-0.142249,0.113507,-0.175351,-0.15112,0.106789,-0.165163,-0.277173,0.145921,-0.180998,-0.232182,0.156804,-0.1574,-0.2297,0.086897,-0.161883],"name":"eyemouth","metadata":{"generator":"io_three","faces":18,"vertices":22,"version":3,"normals":22,"type":"Geometry"}}