{"18208":[[820.296875,523.5],[823.75,586.59375],[836.515625,646.328125],[863.96875,702.03125],[907.40625,746],[966.171875,776.484375],[1029.453125,792.671875],[1094.09375,791.921875],[1132.640625,772.8125],[1158.4375,741.859375],[1179.921875,691.375],[1190.515625,631.4375],[1196.828125,572.828125],[1189.875,515.578125],[1180.0625,463.984375],[1173.640625,417.21875],[1162.890625,412.4375],[1146.359375,414.75],[1123.6875,423.96875],[882.765625,463.921875],[905.8125,439.6875],[959.125,430.515625],[1023.390625,437.34375],[914.9375,497.640625],[972.078125,463.03125],[1021.234375,496.015625],[967.71875,508.171875],[972.59375,490.34375],[1179.625,467.875],[1141.21875,449.875],[1108.046875,491.046875],[1153.796875,495.671875],[1146.78125,477.609375],[1065.078125,461.078125],[1043.203125,565.625],[1028.09375,593.203125],[1045.46875,617.9375],[1093.234375,610.734375],[1123.1875,613.953125],[1134.828125,589.0625],[1081.640625,540.046875],[1073.84375,502.828125],[1069.96875,597],[1113.765625,592.34375],[1018.8125,689.8125],[1048.015625,663.5],[1076.59375,640.828125],[1097.703125,645.40625],[1114.828125,639.984375],[1133.75,652.6875],[1139.015625,687.03125],[1145.796875,672.984375],[1123.796875,698.421875],[1104.34375,702.640625],[1072.53125,702.578125],[1046.796875,700.328125],[1061.15625,678.40625],[1099.6875,670.765625],[1124.484375,670.859375],[1124.703125,668.765625],[1100.078125,670.390625],[1060.75,676.796875],[1094.046875,574.03125],[936.9375,475.125],[997.984375,473.09375],[997.359375,502.875],[942.453125,505.265625],[1164.828125,454.640625],[1114.3125,467],[1133.75,493.4375],[1170.6875,484.78125],[1179.046875,423],[1154.546875,332.8125],[1120.640625,292.390625],[1076.390625,275.046875],[1022.59375,275.421875],[973.734375,282.59375],[890.328125,318.859375],[840.828125,384.875],[817.25,482.40625]],"13166":[[798.95,480.271875],[786.83125,541.346875],[784.00625,598.15625],[790.009375,667.028125],[809.415625,728.55],[836.053125,771.7875],[873.984375,807.80625],[930.20625,815.69375],[983.965625,807.76875],[1034.6375,787.85625],[1076.38125,755.84375],[1110.065625,707.321875],[1131.159375,644.971875],[1144.225,584.2375],[1145.775,521.5875],[1096.521875,472],[1068.653125,453.43125],[1028.259375,454.63125],[980.76875,463.871875],[809.634375,454.10625],[828.55,443.790625],[854.215625,446.1],[884.24375,459.025],[814.76875,499.759375],[856.596875,482.240625],[890.59375,516.69375],[844.76875,521.528125],[849.74375,501.053125],[1082.84375,521.98125],[1028.28125,493.88125],[987.884375,524.775],[1032.534375,535.7],[1021.834375,517.159375],[933.846875,484.8],[900.6625,579.140625],[867.96875,615.18125],[880.90625,638.625],[913.084375,639.684375],[956.2375,644.48125],[972.08125,633.103125],[968.76875,606.584375],[928.86875,536.071875],[891.2625,625.9625],[939.04375,629.303125],[854.9375,700.39375],[872.140625,680.121875],[891.121875,668.621875],[908.54375,675.815625],[925.725,672.721875],[950.128125,688.89375],[977.928125,711.525],[955.125,725.371875],[932.565625,733.234375],[905.025,735.434375],[881.78125,729.059375],[865.55,717.38125],[883.81875,700.55],[908.2875,702.634375],[940.96875,706.046875],[941.203125,704.996875],[909.009375,700.9625],[883.925,701.184375],[910.465625,602.33125],[831.64375,484.928125],[878.940625,495.884375],[868.246875,520.684375],[827.9,512.5875],[1058.909375,504.18125],[1002.946875,502.534375],[1011.471875,531.759375],[1056.878125,530.690625],[1144.646875,483.3125],[1126.55,409.46875],[1097.3375,368.25625],[1042.7625,327.25625],[991.690625,309.453125],[936.371875,300.215625],[858.1,318.828125],[826.11875,358.040625],[802.303125,442.18125]],"15083":[[820.296875,523.5],[823.75,586.59375],[836.515625,646.328125],[863.96875,702.03125],[909.40625,752],[964.171875,792.484375],[1029.453125,816.671875],[1093.09375,815.921875],[1128.640625,783.8125],[1154.4375,744.859375],[1175.921875,693.375],[1188.515625,631.4375],[1196.828125,572.828125],[1189.875,515.578125],[1180.0625,463.984375],[1173.640625,417.21875],[1162.890625,412.4375],[1146.359375,414.75],[1123.6875,423.96875],[882.765625,463.921875],[905.8125,439.6875],[959.125,430.515625],[1023.390625,437.34375],[914.9375,497.640625],[972.078125,463.03125],[1021.234375,496.015625],[967.71875,508.171875],[972.59375,490.34375],[1179.625,467.875],[1141.21875,449.875],[1108.046875,491.046875],[1153.796875,495.671875],[1146.78125,477.609375],[1065.078125,461.078125],[1043.203125,565.625],[1028.09375,593.203125],[1045.46875,617.9375],[1093.234375,610.734375],[1123.1875,613.953125],[1134.828125,589.0625],[1081.640625,540.046875],[1073.84375,502.828125],[1069.96875,597],[1113.765625,592.34375],[1023.8125,699.8125],[1045.015625,663.5],[1076.59375,639.828125],[1098.703125,643.40625],[1115.828125,637.984375],[1137.75,655.6875],[1134.015625,690.03125],[1132.796875,716.984375],[1118.796875,732.421875],[1098.34375,738.640625],[1071.53125,737.578125],[1049.796875,728.328125],[1061.15625,707.40625],[1091.6875,706.765625],[1115.484375,700.859375],[1112.703125,669.765625],[1080.078125,670.390625],[1053.75,680.796875],[1094.046875,574.03125],[936.9375,475.125],[997.984375,473.09375],[997.359375,502.875],[942.453125,505.265625],[1164.828125,454.640625],[1114.3125,467],[1133.75,493.4375],[1170.6875,484.78125],[1179.046875,423],[1154.546875,332.8125],[1120.640625,292.390625],[1076.390625,275.046875],[1022.59375,275.421875],[973.734375,282.59375],[890.328125,318.859375],[840.828125,384.875],[817.25,482.40625]],"20208":[[841.109375,405.21875],[822.140625,462.609375],[795.875,507.234375],[784.796875,575.421875],[785.171875,640.890625],[788.78125,693.875],[811.328125,735.578125],[861.6875,753.765625],[918.984375,761.09375],[977.59375,755.8125],[1031.1875,734.375],[1075,703.34375],[1112.71875,649.46875],[1142.21875,595.0625],[1161.4375,536.40625],[1110.46875,473.328125],[1087.40625,445.421875],[1042.328125,433.375],[988.859375,428.34375],[848.703125,377.625],[860.65625,374.6875],[878.328125,380.9375],[902.3125,401.984375],[837.65625,422.484375],[876.546875,416.125],[898.96875,461.5625],[854.9375,451.875],[862.140625,433.015625],[1078.625,512.359375],[1035.234375,470.25],[981.328125,488.046875],[1024.6875,510.484375],[1012.140625,488.421875],[940.78125,429.609375],[903.84375,510.515625],[843.375,543.09375],[849.890625,570.09375],[876.953125,579.203125],[909.140625,595],[932.328125,589.453125],[939.296875,565.640625],[926.671875,468.625],[862.109375,558.1875],[902.3125,573.96875],[809.6875,628.375],[823.3125,607.515625],[842.640625,598.109375],[856.671875,605.078125],[876.375,608.21875],[900.359375,630.96875],[925.21875,668.296875],[897.375,672.453125],[873.109375,668.59375],[847.796875,665.109375],[827.640625,656.65625],[816.15625,644.78125],[835.734375,631.75],[856.609375,639.375],[886.984375,651.59375],[887.53125,650.890625],[858,637.484375],[835.265625,633.078125],[880.640625,540.390625],[854.1875,412.234375],[894.4375,436.84375],[877.65625,456.78125],[843.671875,438.21875],[1061.21875,490.8125],[1007.78125,471.828125],[1001.859375,501.46875],[1050.921875,513.453125],[1164.9375,490.84375],[1161.46875,434.984375],[1137.796875,387.734375],[1107.34375,335.390625],[1067.609375,294.296875],[1013.15625,265.5],[946.9375,267.5],[899.5625,298.09375],[850.9375,368.359375]],